Workbook

Sheet Names
A1: St. John USVI Trip — Households
A2: Enter each couple/household below (yellow cells), e.g. 'Jordan & Danielle'. Leave extra rows blank if you have fewer than 4 couples.
A4: # | B4: Household
A5: 1 | B5: Jordan & Danielle
A6: 2 | B6: Justin & Allison
A7: 3 | B7: Eric & Rachel
A8: 4 | B8: Jeff & Keri

Sheet Expenses
A1: St. John USVI Trip — Expense Log
A2: Yellow cells are for you to fill in. 'Paid By' and split columns use the names from the Names tab.
A4: Date | B4: Description | C4: Category | D4: Paid By | E4: Total Amount | F4: =IF(Names!B5="","",Names!B5) -> Jordan & Danielle | G4: =IF(Names!B6="","",Names!B6) -> Justin & Allison | H4: =IF(Names!B7="","",Names!B7) -> Eric & Rachel | I4: =IF(Names!B8="","",Names!B8) -> Jeff & Keri | J4: # Splitting | K4: Amount/Person
A5: 2026-07-23 | B5: AirBnB deposit (paid) | C5: Lodging | D5: Jordan & Danielle | E5: 4460.75 | F5: 1 | G5: 1 | H5: 1 | I5: 1 | J5: =SUM(F5:I5) -> 4 | K5: =IFERROR(E5/J5,0) -> 1115.1875
B6: AirBnB balance (due later) | C6: Lodging | E6: 2921 | F6: 1 | G6: 1 | H6: 1 | I6: 1 | J6: =SUM(F6:I6) -> 4 | K6: =IFERROR(E6/J6,0) -> 730.25
B7: Damage Protection (VRBO) | C7: Lodging | D7: Jordan & Danielle | E7: 89 | F7: 1 | G7: 1 | H7: 1 | I7: 1 | J7: =SUM(F7:I7) -> 4 | K7: =IFERROR(E7/J7,0) -> 22.25
J8: =SUM(F8:I8) -> 0 | K8: =IFERROR(E8/J8,0) -> 0
J9: =SUM(F9:I9) -> 0 | K9: =IFERROR(E9/J9,0) -> 0
J10: =SUM(F10:I10) -> 0 | K10: =IFERROR(E10/J10,0) -> 0
J11: =SUM(F11:I11) -> 0 | K11: =IFERROR(E11/J11,0) -> 0
J12: =SUM(F12:I12) -> 0 | K12: =IFERROR(E12/J12,0) -> 0
J13: =SUM(F13:I13) -> 0 | K13: =IFERROR(E13/J13,0) -> 0
J14: =SUM(F14:I14) -> 0 | K14: =IFERROR(E14/J14,0) -> 0
J15: =SUM(F15:I15) -> 0 | K15: =IFERROR(E15/J15,0) -> 0
J16: =SUM(F16:I16) -> 0 | K16: =IFERROR(E16/J16,0) -> 0
J17: =SUM(F17:I17) -> 0 | K17: =IFERROR(E17/J17,0) -> 0
J18: =SUM(F18:I18) -> 0 | K18: =IFERROR(E18/J18,0) -> 0
J19: =SUM(F19:I19) -> 0 | K19: =IFERROR(E19/J19,0) -> 0
... J154: =SUM(F154:I154) -> 0 | K154: =IFERROR(E154/J154,0) -> 0
D156: TOTAL | E156: =SUM(E5:E154) -> 7470.75

Sheet Summary
A1: St. John USVI Trip — Balance Summary (by Household)
A2: One row per couple/household. Positive Net Balance = should be paid back. Negative = still owes the group. Next AirBnB balance payment due Aug 18, 2026.
A4: Name | B4: Total Paid | C4: Total Share of Expenses | D4: Net Balance | E4: Reimbursed to Date | F4: Remaining Balance
A5: =Names!B5 -> Jordan & Danielle | B5: =IF(Names!B5="","",SUMIF(Expenses!$D$5:$D$154,Names!B5,Expenses!$E$5:$E$154)) -> 4549.75 | C5: =IF(Names!B5="","",SUMPRODUCT((Expenses!$F$5:$F$154=1)*Expenses!$K$5:$K$154)) -> 1867.6875 | D5: =IF(Names!B5="","",B5-C5) -> 2682.0625 | E5: 0 | F5: =IF(A5="","",D5+E5) -> 2682.0625
A6: =Names!B6 -> Justin & Allison | B6: =IF(Names!B6="","",SUMIF(Expenses!$D$5:$D$154,Names!B6,Expenses!$E$5:$E$154)) -> 0 | C6: =IF(Names!B6="","",SUMPRODUCT((Expenses!$G$5:$G$154=1)*Expenses!$K$5:$K$154)) -> 1867.6875 | D6: =IF(Names!B6="","",B6-C6) -> -1867.6875 | E6: 1100 | F6: =IF(A6="","",D6+E6) -> -767.6875
A7: =Names!B7 -> Eric & Rachel | B7: =IF(Names!B7="","",SUMIF(Expenses!$D$5:$D$154,Names!B7,Expenses!$E$5:$E$154)) -> 0 | C7: =IF(Names!B7="","",SUMPRODUCT((Expenses!$H$5:$H$154=1)*Expenses!$K$5:$K$154)) -> 1867.6875 | D7: =IF(Names!B7="","",B7-C7) -> -1867.6875 | E7: 0 | F7: =IF(A7="","",D7+E7) -> -1867.6875
A8: =Names!B8 -> Jeff & Keri | B8: =IF(Names!B8="","",SUMIF(Expenses!$D$5:$D$154,Names!B8,Expenses!$E$5:$E$154)) -> 0 | C8: =IF(Names!B8="","",SUMPRODUCT((Expenses!$I$5:$I$154=1)*Expenses!$K$5:$K$154)) -> 1867.6875 | D8: =IF(Names!B8="","",B8-C8) -> -1867.6875 | E8: 0 | F8: =IF(A8="","",D8+E8) -> -1867.6875
A10: Trip Total | B10: =SUM(B5:B8) -> 4549.75
